{
  "title": "Docker Host Overview",
  "timezone": "browser",
  "panels": [
    {
      "type": "timeseries",
      "title": "CPU usage (%)",
      "targets": [
        {
          "expr": "100 - (avg by(instance)(rate(node_cpu_seconds_total{mode=\"idle\"}[5m])) * 100)"
        }
      ],
      "gridPos": {
        "h": 8,
        "w": 24,
        "x": 0,
        "y": 0
      }
    },
    {
      "type": "timeseries",
      "title": "Memory usage (%)",
      "targets": [
        {
          "expr": "(node_memory_MemTotal_bytes - node_memory_MemAvailable_bytes) / node_memory_MemTotal_bytes * 100"
        }
      ],
      "gridPos": {
        "h": 8,
        "w": 24,
        "x": 0,
        "y": 8
      }
    },
    {
      "type": "timeseries",
      "title": "Container CPU (top 5)",
      "targets": [
        {
          "expr": "topk(5, sum by (name)(rate(container_cpu_usage_seconds_total[5m])))"
        }
      ],
      "gridPos": {
        "h": 8,
        "w": 24,
        "x": 0,
        "y": 16
      }
    }
  ],
  "schemaVersion": 39,
  "version": 1
}